﻿<?xml version="1.0" encoding="utf-8"?><Metadata><Ms><It Ln="34" O="0" M="Utt.Debugger.Error" T="undeclared identifier `ITEMDATA'&#xD;&#xA;"><P F="C:\githubs\wilsonmar\LoadRunner\WT3_perftest_S01_w1202_v10\WT3_Config.c" N="75" C="0" /></It><It Ln="33" O="0" M="Utt.Debugger.Error" T="undeclared identifier `ENDITEM'&#xD;&#xA;"><P F="C:\githubs\wilsonmar\LoadRunner\WT3_perftest_S01_w1202_v10\WT3_Config.c" N="76" C="0" /></It><It Ln="34" O="0" M="Utt.Debugger.Error" T="undeclared identifier `ITEMDATA'&#xD;&#xA;"><P F="C:\githubs\wilsonmar\LoadRunner\WT3_perftest_S01_w1202_v10\WT3_SignUpInOut.c" N="303" C="0" /></It><It Ln="33" O="0" M="Utt.Debugger.Error" T="undeclared identifier `ENDITEM'&#xD;&#xA;"><P F="C:\githubs\wilsonmar\LoadRunner\WT3_perftest_S01_w1202_v10\WT3_SignUpInOut.c" N="304" C="0" /></It><It Ln="34" O="0" M="Utt.Debugger.Error" T="undeclared identifier `ITEMDATA'&#xD;&#xA;"><P F="C:\githubs\wilsonmar\LoadRunner\WT3_perftest_S01_w1202_v10\WT3_SignUpInOut.c" N="347" C="0" /></It><It Ln="33" O="0" M="Utt.Debugger.Error" T="undeclared identifier `ENDITEM'&#xD;&#xA;"><P F="C:\githubs\wilsonmar\LoadRunner\WT3_perftest_S01_w1202_v10\WT3_SignUpInOut.c" N="348" C="0" /></It><It Ln="34" O="0" M="Utt.Debugger.Error" T="undeclared identifier `ITEMDATA'&#xD;&#xA;"><P F="C:\githubs\wilsonmar\LoadRunner\WT3_perftest_S01_w1202_v10\WT3_SignUpInOut.c" N="409" C="0" /></It><It Ln="33" O="0" M="Utt.Debugger.Error" T="undeclared identifier `ENDITEM'&#xD;&#xA;"><P F="C:\githubs\wilsonmar\LoadRunner\WT3_perftest_S01_w1202_v10\WT3_SignUpInOut.c" N="410" C="0" /></It><It Ln="34" O="0" M="Utt.Debugger.Error" T="undeclared identifier `ITEMDATA'&#xD;&#xA;"><P F="C:\githubs\wilsonmar\LoadRunner\WT3_perftest_S01_w1202_v10\WT3_SignUpInOut.c" N="441" C="0" /></It><It Ln="33" O="0" M="Utt.Debugger.Error" T="undeclared identifier `ENDITEM'&#xD;&#xA;"><P F="C:\githubs\wilsonmar\LoadRunner\WT3_perftest_S01_w1202_v10\WT3_SignUpInOut.c" N="442" C="0" /></It><It Ln="40" O="0" M="Utt.Debugger.Error" T="undeclared identifier `SEARCH_FILTERS'&#xD;&#xA;"><P F="C:\githubs\wilsonmar\LoadRunner\WT3_perftest_S01_w1202_v10\WT3_Travel.c" N="225" C="0" /></It><It Ln="34" O="0" M="Utt.Debugger.Error" T="undeclared identifier `ITEMDATA'&#xD;&#xA;"><P F="C:\githubs\wilsonmar\LoadRunner\WT3_perftest_S01_w1202_v10\WT3_Travel.c" N="234" C="0" /></It><It Ln="33" O="0" M="Utt.Debugger.Error" T="undeclared identifier `ENDITEM'&#xD;&#xA;"><P F="C:\githubs\wilsonmar\LoadRunner\WT3_perftest_S01_w1202_v10\WT3_Travel.c" N="235" C="0" /></It><It Ln="34" O="0" M="Utt.Debugger.Error" T="undeclared identifier `ITEMDATA'&#xD;&#xA;"><P F="C:\githubs\wilsonmar\LoadRunner\WT3_perftest_S01_w1202_v10\WT3_Travel.c" N="284" C="0" /></It><It Ln="33" O="0" M="Utt.Debugger.Error" T="undeclared identifier `ENDITEM'&#xD;&#xA;"><P F="C:\githubs\wilsonmar\LoadRunner\WT3_perftest_S01_w1202_v10\WT3_Travel.c" N="285" C="0" /></It><It Ln="34" O="0" M="Utt.Debugger.Error" T="undeclared identifier `ITEMDATA'&#xD;&#xA;"><P F="C:\githubs\wilsonmar\LoadRunner\WT3_perftest_S01_w1202_v10\WT3_Travel.c" N="349" C="0" /></It><It Ln="33" O="0" M="Utt.Debugger.Error" T="undeclared identifier `ENDITEM'&#xD;&#xA;"><P F="C:\githubs\wilsonmar\LoadRunner\WT3_perftest_S01_w1202_v10\WT3_Travel.c" N="350" C="0" /></It><It Ln="34" O="0" M="Utt.Debugger.Error" T="undeclared identifier `ITEMDATA'&#xD;&#xA;"><P F="C:\githubs\wilsonmar\LoadRunner\WT3_perftest_S01_w1202_v10\WT3_Travel.c" N="398" C="0" /></It><It Ln="33" O="0" M="Utt.Debugger.Error" T="undeclared identifier `ENDITEM'&#xD;&#xA;"><P F="C:\githubs\wilsonmar\LoadRunner\WT3_perftest_S01_w1202_v10\WT3_Travel.c" N="399" C="0" /></It><It Ln="40" O="0" M="Utt.Debugger.Error" T="undeclared identifier `SEARCH_FILTERS'&#xD;&#xA;"><P F="C:\githubs\wilsonmar\LoadRunner\WT3_perftest_S01_w1202_v10\WT3_Travel.c" N="422" C="0" /></It><It Ln="17" O="0" M="Utt.Debugger.Error" T="too many errors&#xD;&#xA;"><P F="C:\githubs\wilsonmar\LoadRunner\WT3_perftest_S01_w1202_v10\wi_functions.c" N="246" C="0" /></It></Ms></Metadata>