<?xml version="1.0" encoding="UTF-8"?><gupdate xmlns="http://www.google.com/update2/response" protocol="2.0" server="prod"><daystart elapsed_days="3020" elapsed_seconds="39315"/><app appid="lccekmodgklaepjeofjdjpbminllajkg" status="ok"><ping status="ok"/><updatecheck codebase="http://cache.pack.google.com/crx/blobs/QgAAAC6zw0qH2DJtnXe8Z7rUJP05vsW-JrZVDRtyfQ0AGQs50EtkpH76PugAfZ_lV8loYXLGFrEgcPBL6raBXrMzFV5h5rBsL3g82oNNr1-2p7GlAMZSmuWiaL0RH1GdT0n813pTaF48FxqHcg/extension_0_3_0_2.crx" fp="1.9a50523292ee98ae4dc27a9996c300a8df5ada82250d71f0f1468af1d9dfdbc6" hash="" hash_sha256="9a50523292ee98ae4dc27a9996c300a8df5ada82250d71f0f1468af1d9dfdbc6" protected="0" size="780219" status="ok" version="0.3.0.2"/></app><app appid="aohghmighlieiainnegkcijnfilokake" status="ok"><updatecheck status="noupdate"/></app><app appid="apdfllckaahabafndbhieahigkjlhalf" status="ok"><updatecheck status="noupdate"/></app><app appid="blpcfgokakmgnkcojhhkbfbldkacnbeo" status="ok"><updatecheck status="noupdate"/></app><app appid="coobgpohoikkiipiblmjeljniedjpjpf" status="ok"><updatecheck status="noupdate"/></app><app appid="nmmhkkegccagdldgiimedpiccmgmieda" status="ok"><updatecheck status="noupdate"/></app><app appid="pjkljhegncpnkpknbcohdijeoejaedia" status="ok"><updatecheck status="noupdate"/></app></gupdate>